0.5164931, 0.6419198, -1.5695668e-06, 0.45041183, 0.4916455, -0.13416405, 0.4526213, 0.30945083, -0.2157458, 0.48530525, 0.18234894, -0.2669682, 0.54267937, 0.04222122, -0.29619944, 0.60643137, 0.30041796, -0.27393892, 0.29266208, 0.3435485, -0.38297167, 0.30347714, 0.3958624, -0.41081643, 0.39594504, 0.40910223, -0.4222694, 0.6768311, 0.44877028, -0.25338852, 0.2896523, 0.52234405, -0.34903407, 0.33808777, 0.5469281, -0.33254886, 0.4406015, 0.53584987, -0.31807923, 0.700746, 0.60782766, -0.23844035, 0.34192127, 0.65729743, -0.33655614, 0.3762148, 0.6698619, -0.27180162, 0.469239, 0.6528983, -0.21519022, 0.69599456, 0.7555133, -0.23826364, 0.4172123, 0.7746424, -0.32934687, 0.44286996, 0.7684774, -0.3157499, 0.5403615, 0.75244015, -0.2868321,A
0.5294957, 0.6205527, -1.3919092e-06, 0.45876577, 0.47587168, -0.13705888, 0.4480214, 0.3024158, -0.22884947, 0.46801507, 0.17640771, -0.28861335, 0.52337974, 0.03135395, -0.32725883, 0.58591497, 0.28139898, -0.3074039, 0.26672292, 0.32882938, -0.42278346, 0.28467706, 0.37946057, -0.4505173, 0.3826619, 0.38846684, -0.4630303, 0.65727746, 0.4320488, -0.28985983, 0.27101514, 0.50530523, -0.39282423, 0.3248153, 0.52374375, -0.3753899, 0.43534517, 0.50492656, -0.36232996, 0.68450505, 0.5914738, -0.2765774, 0.32276344, 0.6430869, -0.3782891, 0.3625403, 0.6543895, -0.3091799, 0.46549767, 0.63323736, -0.25296786, 0.6847135, 0.7406018, -0.2784154, 0.39451185, 0.7624177, -0.37214017, 0.4212143, 0.7587211, -0.3578076, 0.5271061, 0.7400219, -0.33151105,A
0.682904, 0.74657905, -1.6882288e-07, 0.5610868, 0.615782, -0.006235659, 0.4591827, 0.43714076, -0.1512737, 0.45328873, 0.28750113, -0.29272437, 0.5018029, 0.16807336, -0.43635434, 0.5496229, 0.42394778, -0.4930793, 0.2652084, 0.5113246, -0.5479541, 0.3227287, 0.5437521, -0.44001952, 0.42138898, 0.52985924, -0.35728055, 0.5936739, 0.54976195, -0.53997827, 0.31612885, 0.6807956, -0.55439216, 0.3659474, 0.666819, -0.3274103, 0.47229296, 0.62352407, -0.18250191, 0.63864124, 0.6891172, -0.5706268, 0.37106484, 0.81115097, -0.57538456, 0.42291605, 0.76922727, -0.39544746, 0.5349905, 0.72350574, -0.3009624, 0.6714401, 0.84865475, -0.605081, 0.46917593, 0.89568317, -0.6513529, 0.5021944, 0.86399263, -0.61873, 0.57973975, 0.8169456, -0.60960966,A
0.65939254, 0.68565196, -1.4068374e-07, 0.5643703, 0.554956, -0.13214444, 0.44319806, 0.38710135, -0.32698128, 0.42805552, 0.24396646, -0.4981073, 0.47577342, 0.10756606, -0.66435987, 0.52520263, 0.4247173, -0.55321705, 0.24302915, 0.5601839, -0.6472543, 0.2972743, 0.5621824, -0.5940558, 0.3993773, 0.5363064, -0.5526196, 0.5929191, 0.5530449, -0.55045813, 0.28132078, 0.70520526, -0.5995588, 0.33275744, 0.66445965, -0.44318417, 0.43248278, 0.61919856, -0.3507739, 0.64163023, 0.68793917, -0.540799, 0.3409391, 0.8291981, -0.5604798, 0.39261466, 0.7642061, -0.42349702, 0.49418458, 0.710672, -0.36143926, 0.6727402, 0.8328414, -0.54904383, 0.4488236, 0.89530694, -0.6001974, 0.4824666, 0.8484647, -0.5860554, 0.5530113, 0.8059559, -0.59118146,A
0.84298277, 0.5919036, 6.9665793e-07, 0.75618994, 0.39571878, 0.09021744, 0.60981125, 0.32010752, 0.12753996, 0.47389254, 0.34018117, 0.1526463, 0.38261673, 0.38563293, 0.17207243, 0.49422008, 0.2850972, 0.050904226, 0.28588706, 0.29263806, 0.10886015, 0.17602655, 0.31242746, 0.15167709, 0.097952366, 0.32576415, 0.17856139, 0.44890472, 0.40585133, 0.026524182, 0.24886402, 0.40078235, 0.0944546, 0.14439344, 0.39995724, 0.12986365, 0.07509121, 0.40740818, 0.14833303, 0.43636245, 0.5326681, 0.017296085, 0.3940311, 0.5342749, 0.10943843, 0.47715434, 0.5369688, 0.13759795, 0.52784026, 0.5382166, 0.14167817, 0.43235207, 0.660154, 0.013780786, 0.42774534, 0.6305468, 0.09773118, 0.49883494, 0.6354646, 0.13092715, 0.54864776, 0.62987447, 0.14600886,AIN
0.8229419, 0.60919034, 7.1334034e-07, 0.7425964, 0.41616815, 0.079990305, 0.6144445, 0.34307966, 0.105402395, 0.48073292, 0.35081485, 0.12360118, 0.39266053, 0.39141542, 0.13984776, 0.5155583, 0.30056244, -0.006338457, 0.29356354, 0.30776203, 0.023442192, 0.17367908, 0.32654095, 0.051577523, 0.0871225, 0.3388943, 0.069382414, 0.4716955, 0.41563314, -0.02539368, 0.255384, 0.42036825, 0.0008768149, 0.13814154, 0.42442718, 0.024678929, 0.066253066, 0.43058458, 0.039392047, 0.45273393, 0.5407345, -0.02554341, 0.38992798, 0.54974145, 0.052249245, 0.4594968, 0.55152386, 0.10370816, 0.5079143, 0.55041003, 0.12722321, 0.4477625, 0.664788, -0.021730397, 0.4211493, 0.63917637, 0.06244938, 0.4827272, 0.6458672, 0.113363825, 0.52892977, 0.6411024, 0.14387287,AIN
0.79256386, 0.6169655, 6.651094e-07, 0.7067476, 0.4293613, 0.082909495, 0.56052244, 0.36285725, 0.11776921, 0.43439642, 0.38706633, 0.14066406, 0.35285258, 0.4394514, 0.15697992, 0.44285515, 0.33916867, 0.054530535, 0.2521274, 0.35567972, 0.11359086, 0.15195972, 0.37965292, 0.15795435, 0.07914922, 0.3982731, 0.18661626, 0.4074323, 0.4562239, 0.033697136, 0.2228227, 0.46538356, 0.10770466, 0.12999833, 0.47327042, 0.1474334, 0.06800631, 0.4838587, 0.16847356, 0.40520647, 0.57776636, 0.025634773, 0.3700312, 0.5829606, 0.11686985, 0.4478366, 0.58252466, 0.13799918, 0.49652496, 0.5813836, 0.13746218, 0.4092004, 0.69868195, 0.023092007, 0.40695396, 0.67429376, 0.106791265, 0.47288463, 0.67740023, 0.1346385, 0.5201251, 0.6707283, 0.14495787,AIN
0.83920807, 0.6001357, 7.2688056e-07, 0.7600955, 0.41395938, 0.08910098, 0.62343013, 0.34553334, 0.123566106, 0.48983482, 0.36324012, 0.14914903, 0.41192478, 0.4077057, 0.17391407, 0.5074013, 0.31552732, 0.01522907, 0.30297428, 0.33806664, 0.05717171, 0.19262433, 0.35825825, 0.09506035, 0.113031685, 0.37282085, 0.11983635, 0.47784603, 0.4291388, -0.004683492, 0.2810804, 0.44519025, 0.03256656, 0.1703848, 0.45167837, 0.062464748, 0.1064468, 0.4591321, 0.08142828, 0.47188732, 0.5508183, -0.005864338, 0.41254494, 0.5521756, 0.08494723, 0.47841236, 0.55013454, 0.14186399, 0.52609825, 0.5523858, 0.16797394, 0.4788255, 0.66968507, -0.0030440679, 0.44726697, 0.64074695, 0.10076887, 0.5066871, 0.64314735, 0.1594095, 0.5537079, 0.6413735, 0.19313614,AIN
0.83898103, 0.6510645, 6.5446176e-07, 0.7586539, 0.4754196, 0.07819276, 0.622038, 0.41049364, 0.10710715, 0.49339527, 0.4276661, 0.12929405, 0.41192624, 0.4720285, 0.14900474, 0.5114478, 0.38825732, 0.0035677752, 0.31800628, 0.4079574, 0.051145304, 0.21732175, 0.42644477, 0.09210803, 0.1436286, 0.44091156, 0.117182046, 0.48632765, 0.49730524, -0.014397669, 0.30063626, 0.5028277, 0.030760763, 0.19573054, 0.5039386, 0.062019136, 0.12849346, 0.5118674, 0.07797001, 0.48299783, 0.61186683, -0.0146541335, 0.43224093, 0.6069422, 0.071535595, 0.50275964, 0.60124385, 0.11481504, 0.5489138, 0.601351, 0.12851682, 0.48732144, 0.72137856, -0.0106806755, 0.466176, 0.6870955, 0.07719941, 0.5276405, 0.68754417, 0.12013802, 0.57159007, 0.68652004, 0.14071853,AIN
0.46113974, 0.8164313, -2.2330941e-07, 0.39731702, 0.71946, -0.049453, 0.3891119, 0.575855, -0.08443641, 0.40802813, 0.46330112, -0.12585042, 0.4174612, 0.3536531, -0.16647765, 0.51595217, 0.44214225, -0.026275856, 0.5566517, 0.2787163, -0.095890105, 0.57910585, 0.17164844, -0.13125086, 0.60802245, 0.09114632, -0.15233418, 0.5874067, 0.48497915, -0.04905231, 0.5882224, 0.33067775, -0.16315663, 0.5061658, 0.43825084, -0.17941976, 0.48061466, 0.5231426, -0.15424688, 0.6507901, 0.5495187, -0.08296088, 0.6103588, 0.46237722, -0.19477506, 0.5309861, 0.5807326, -0.16301198, 0.519189, 0.64714354, -0.105833285, 0.70610476, 0.6302371, -0.12185275, 0.66512823, 0.550025, -0.18878877, 0.5923916, 0.6242946, -0.15764861, 0.57571733, 0.67122215, -0.114610985,B
0.49830335, 0.8068985, -3.2573234e-07, 0.4398234, 0.6985489, -0.041929606, 0.44087142, 0.5513244, -0.07450118, 0.46513373, 0.43639514, -0.115806505, 0.47546464, 0.32442692, -0.15675697, 0.5766604, 0.43067923, -0.01807301, 0.6220003, 0.2700987, -0.0896848, 0.6473776, 0.16180867, -0.12626335, 0.67913216, 0.08180252, -0.14812031, 0.6444327, 0.47842035, -0.04531962, 0.64840597, 0.32104957, -0.15881635, 0.557661, 0.43029866, -0.17291912, 0.5353313, 0.5115, -0.1462698, 0.70551836, 0.5457954, -0.083873495, 0.6648504, 0.45328224, -0.19433519, 0.57968265, 0.569947, -0.15776119, 0.5758102, 0.6329575, -0.09762191, 0.75782824, 0.6280253, -0.12724847, 0.71754414, 0.5406325, -0.19067429, 0.64227885, 0.6114156, -0.15485363, 0.6331012, 0.6575912, -0.10904277,B
0.45893547, 0.8253236, -9.85157e-08, 0.39163697, 0.71741605, -0.069274746, 0.396253, 0.56933117, -0.11088034, 0.4396885, 0.45775437, -0.15437606, 0.46946153, 0.34365773, -0.19518445, 0.51399803, 0.43387234, -0.050742667, 0.5623535, 0.26329666, -0.13080016, 0.5946038, 0.1542542, -0.17322776, 0.6283736, 0.0687772, -0.19821385, 0.5893831, 0.4865272, -0.066481665, 0.625096, 0.32568705, -0.19322427, 0.5423468, 0.42735648, -0.21499456, 0.50317776, 0.5132421, -0.19091202, 0.65486586, 0.5613986, -0.09468239, 0.6463495, 0.46956474, -0.21978785, 0.5566373, 0.58936906, -0.19137736, 0.5295112, 0.65721434, -0.13208404, 0.71068203, 0.6493919, -0.12903291, 0.70759124, 0.55956745, -0.20516351, 0.63074774, 0.63072896, -0.17565215, 0.601663, 0.6748342, -0.13154528,B
0.44088, 0.8166049, 2.416627e-07, 0.3732481, 0.73304796, -0.09062159, 0.3540941, 0.6054997, -0.16448991, 0.3755918, 0.5039107, -0.23850718, 0.406086, 0.39415577, -0.30840364, 0.49649894, 0.43526298, -0.09691085, 0.54104936, 0.25184077, -0.19595636, 0.5686404, 0.12806153, -0.24131323, 0.60545814, 0.04182443, -0.26620892, 0.57556266, 0.4850371, -0.110815324, 0.5757662, 0.33342785, -0.25037152, 0.4765087, 0.46242613, -0.25827184, 0.46068367, 0.5368956, -0.22118312, 0.643319, 0.5585542, -0.13943188, 0.5894949, 0.49891156, -0.26746947, 0.5040693, 0.6167517, -0.22055216, 0.51246303, 0.6619132, -0.15055124, 0.7009572, 0.6476055, -0.17758018, 0.6525039, 0.5871153, -0.24848236, 0.5767476, 0.6587332, -0.20705138, 0.57244086, 0.6885821, -0.1554296,B
0.4383231, 0.880152, -9.832204e-08, 0.37356794, 0.7715196, -0.08188566, 0.35167608, 0.6347215, -0.15090868, 0.4010489, 0.54121083, -0.22449327, 0.5051511, 0.5192915, -0.29277718, 0.50934887, 0.4428652, -0.054616746, 0.55207413, 0.268202, -0.1456858, 0.58034426, 0.1449129, -0.19141954, 0.6169903, 0.053586036, -0.22182031, 0.5872327, 0.49376267, -0.07151953, 0.57090896, 0.34855208, -0.19843388, 0.4784771, 0.46665987, -0.2086946, 0.472611, 0.54259825, -0.17898284, 0.6542316, 0.5704431, -0.10589674, 0.5973311, 0.4950956, -0.22235712, 0.5146641, 0.6058269, -0.1820814, 0.533837, 0.6513789, -0.12171481, 0.71174574, 0.66495574, -0.15098824, 0.65858567, 0.5980713, -0.21267268, 0.5851464, 0.66475046, -0.18053235, 0.5922593, 0.69591886, -0.14036635,B
0.52182204, 0.91345286, 6.086937e-07, 0.37951934, 0.81519955, -0.03829542, 0.31437117, 0.622057, -0.038984578, 0.30939093, 0.47842067, -0.039486058, 0.2751159, 0.3844149, -0.040484525, 0.4186918, 0.45147443, -0.013762449, 0.35205108, 0.28153685, -0.050500184, 0.31553006, 0.16423422, -0.084463775, 0.29143995, 0.065681994, -0.11174136, 0.5296731, 0.43873498, -0.031248374, 0.521834, 0.23896126, -0.061378457, 0.5203386, 0.10017136, -0.09905612, 0.5209919, -0.008497685, -0.1268967, 0.6310622, 0.47541267, -0.057165742, 0.64682674, 0.2979328, -0.10117687, 0.6510327, 0.17658502, -0.14501955, 0.65381354, 0.077382654, -0.17615522, 0.7240032, 0.55115134, -0.08686208, 0.80297863, 0.44612345, -0.13200901, 0.8507508, 0.3685159, -0.15892467, 0.89121073, 0.29901773, -0.1776455,CH
0.44746393, 0.9161757, 3.6798272e-07, 0.32155204, 0.81694925, -0.029940134, 0.27250051, 0.6276051, -0.025653478, 0.27580535, 0.48797327, -0.023197072, 0.24711299, 0.39623788, -0.021220326, 0.37775183, 0.47878107, -0.0016049999, 0.3150941, 0.32056433, -0.03293349, 0.2760616, 0.2122505, -0.06311177, 0.24634196, 0.119933695, -0.08856613, 0.47645435, 0.46659768, -0.020582847, 0.4590763, 0.28208637, -0.049398623, 0.44904247, 0.15162647, -0.08563097, 0.43936947, 0.04877335, -0.112616524, 0.5672251, 0.4991645, -0.047693584, 0.5768666, 0.32869947, -0.09177156, 0.5714908, 0.20983467, -0.13688911, 0.5628309, 0.110146254, -0.16906402, 0.6518222, 0.5668994, -0.07780623, 0.7349787, 0.46774656, -0.12361524, 0.7823955, 0.38866132, -0.15466136, 0.8192971, 0.31596264, -0.1771268,CH
0.44746393, 0.9161757, 3.6798272e-07, 0.32155204, 0.81694925, -0.029940134, 0.27250051, 0.6276051, -0.025653478, 0.27580535, 0.48797327, -0.023197072, 0.24711299, 0.39623788, -0.021220326, 0.37775183, 0.47878107, -0.0016049999, 0.3150941, 0.32056433, -0.03293349, 0.2760616, 0.2122505, -0.06311177, 0.24634196, 0.119933695, -0.08856613, 0.47645435, 0.46659768, -0.020582847, 0.4590763, 0.28208637, -0.049398623, 0.44904247, 0.15162647, -0.08563097, 0.43936947, 0.04877335, -0.112616524, 0.5672251, 0.4991645, -0.047693584, 0.5768666, 0.32869947, -0.09177156, 0.5714908, 0.20983467, -0.13688911, 0.5628309, 0.110146254, -0.16906402, 0.6518222, 0.5668994, -0.07780623, 0.7349787, 0.46774656, -0.12361524, 0.7823955, 0.38866132, -0.15466136, 0.8192971, 0.31596264, -0.1771268,CH
0.47939602, 0.8280996, 5.268606e-07, 0.34090444, 0.74577856, -0.02628187, 0.26799762, 0.579592, -0.02080804, 0.2556912, 0.45235872, -0.017592872, 0.22013614, 0.36890456, -0.014441327, 0.34602338, 0.40682667, 0.00792808, 0.27462214, 0.26152956, -0.017025778, 0.23840505, 0.16292562, -0.042562395, 0.21147011, 0.08128601, -0.06332434, 0.44275236, 0.38528463, -0.009523614, 0.42893222, 0.20502456, -0.02872674, 0.42444652, 0.08407548, -0.056941003, 0.42027286, -0.009833872, -0.07778449, 0.5332964, 0.40955395, -0.03555887, 0.54565185, 0.24648151, -0.071846776, 0.5449082, 0.13565594, -0.11424427, 0.5421646, 0.045437127, -0.14438267, 0.6190336, 0.46976483, -0.0644275, 0.70316815, 0.37448484, -0.10433853, 0.7552048, 0.30116954, -0.13346386, 0.79891586, 0.23492786, -0.15422061,CH
0.5504539, 0.8843956, 4.6058437e-07, 0.4143763, 0.79335463, -0.026568651, 0.3490255, 0.619864, -0.017999854, 0.34374923, 0.4871426, -0.011424659, 0.31466478, 0.39787462, -0.0038123152, 0.43016484, 0.45274702, 0.016932137, 0.37377575, 0.30787128, -0.0016108223, 0.3453006, 0.21026446, -0.02315132, 0.327092, 0.12985721, -0.0428177, 0.5241734, 0.43674144, 0.0009716618, 0.5140984, 0.26280022, -0.014762718, 0.51555157, 0.14907792, -0.04039333, 0.51950014, 0.06511095, -0.06022531, 0.61220974, 0.4643615, -0.024224602, 0.6266147, 0.30324423, -0.059361942, 0.6283288, 0.19855805, -0.09928848, 0.62893546, 0.1124222, -0.12848672, 0.6975678, 0.5243352, -0.052553616, 0.78114796, 0.428616, -0.09614106, 0.8329762, 0.35559407, -0.12815696, 0.8790673, 0.286818, -0.15079565,CH
0.5759156, 0.83615977, -1.848049e-06, 0.44829744, 0.6227079, 0.17254423, 0.4123745, 0.47897273, 0.18748532, 0.35746616, 0.37579703, 0.14580855, 0.3060759, 0.2692624, 0.09593455, 0.6485088, 0.33563724, 0.1771222, 0.5806426, 0.16215026, 0.1473189, 0.47844356, 0.094069436, 0.12159998, 0.38368624, 0.06923272, 0.103536785, 0.6750386, 0.35797337, 0.048454676, 0.4207287, 0.27717996, 0.028797269, 0.40070847, 0.4017093, 0.03530443, 0.46207166, 0.45279044, 0.03458541, 0.653804, 0.3975208, -0.07898937, 0.3950019, 0.34312016, -0.08317202, 0.39670986, 0.46885854, -0.04472627, 0.4663487, 0.51001555, -0.03632669, 0.6025279, 0.43307212, -0.19821815, 0.39442253, 0.42078304, -0.19036625, 0.39913496, 0.51822555, -0.15874955, 0.4650715, 0.55725044, -0.1465722,D
0.59851325, 0.82674766, -1.9896263e-06, 0.46570784, 0.6325463, 0.09318395, 0.42050248, 0.4766761, 0.09437742, 0.36945853, 0.36057454, 0.057696767, 0.30738917, 0.25732106, 0.020032153, 0.66833895, 0.32892007, 0.11599561, 0.60782504, 0.16488549, 0.06661919, 0.50164735, 0.093014926, 0.03140565, 0.40070206, 0.066235214, 0.009267228, 0.7176339, 0.34741458, 0.028010601, 0.46115607, 0.274522, -0.012038168, 0.42829126, 0.40122384, -0.0074077486, 0.48756897, 0.45288223, -0.0040972345, 0.7200404, 0.38806954, -0.06615681, 0.4457719, 0.3457606, -0.09631035, 0.44152474, 0.4737113, -0.051900107, 0.5106145, 0.51574826, -0.029663192, 0.6837451, 0.4410561, -0.15930633, 0.45709053, 0.41574898, -0.17938949, 0.45348835, 0.51555866, -0.15018764, 0.51821244, 0.55886537, -0.13091063,D
0.60122454, 0.82481456, -1.6153149e-06, 0.48435074, 0.68472743, 0.034940604, 0.43997625, 0.5503339, 0.011257825, 0.3953147, 0.4447409, -0.033723544, 0.34660354, 0.34997517, -0.0778816, 0.69210804, 0.41241914, 0.013982375, 0.6330645, 0.25030106, -0.051873997, 0.526758, 0.1947372, -0.08579641, 0.43797755, 0.18271114, -0.10527572, 0.7408578, 0.43704417, -0.045269914, 0.48393804, 0.37927103, -0.10769485, 0.4568275, 0.50363433, -0.09708879, 0.5157108, 0.54304016, -0.08313873, 0.7452992, 0.48652005, -0.11077589, 0.47740656, 0.46051165, -0.16521582, 0.46749234, 0.57956284, -0.113775685, 0.5288995, 0.6114046, -0.076865695, 0.7174355, 0.5513799, -0.17756906, 0.4908444, 0.5383896, -0.22678226, 0.48186216, 0.624688, -0.20254317, 0.54129326, 0.6578573, -0.17769316,D
0.5883196, 0.8053639, -1.569284e-06, 0.4662423, 0.6889868, 0.01581328, 0.41773736, 0.545058, -0.0103546195, 0.37753224, 0.42389503, -0.054970715, 0.32534963, 0.32671863, -0.09913904, 0.6598507, 0.39533064, 0.0047746375, 0.6177598, 0.22581585, -0.06538052, 0.5162591, 0.1698055, -0.099217884, 0.42891347, 0.16184507, -0.117349476, 0.7206291, 0.4150527, -0.045955714, 0.48634064, 0.35713908, -0.11401269, 0.46347812, 0.49305138, -0.099901885, 0.5217618, 0.5348646, -0.07880345, 0.7453873, 0.4602559, -0.10573476, 0.4954213, 0.4381322, -0.1683683, 0.48719636, 0.5664437, -0.11120524, 0.5516124, 0.5961813, -0.065575354, 0.74224883, 0.52541816, -0.16836138, 0.52457476, 0.5091194, -0.21965176, 0.5167364, 0.6012262, -0.18930812, 0.5821561, 0.6327665, -0.15826997,D
0.55233365, 0.84488606, -1.9914112e-06, 0.42159128, 0.7145338, -0.027155563, 0.33838627, 0.51766425, -0.031908385, 0.2654675, 0.39904836, -0.04791097, 0.17838374, 0.3406297, -0.04948456, 0.51547575, 0.3969555, 0.034698293, 0.49012992, 0.2624107, -0.06301875, 0.4663774, 0.41077417, -0.111935034, 0.47645843, 0.48958105, -0.12822272, 0.61722034, 0.4347124, 0.013425456, 0.58888817, 0.31563058, -0.08838863, 0.5376964, 0.49619648, -0.10501036, 0.55891526, 0.5376121, -0.08781817, 0.7181049, 0.4878591, -0.025784604, 0.6977419, 0.38004494, -0.1221901, 0.63021564, 0.5458135, -0.08408685, 0.64680856, 0.5847449, -0.028717477, 0.81906396, 0.5527705, -0.068652265, 0.81134224, 0.4586982, -0.10963525, 0.7377589, 0.558056, -0.067344755, 0.7373448, 0.59686583, -0.020506332,DAD
0.5472438, 0.84272194, -2.0718276e-06, 0.42188686, 0.70433074, -0.028169721, 0.34799784, 0.5033021, -0.03450512, 0.27657056, 0.3810625, -0.050778612, 0.1892584, 0.3193347, -0.052170698, 0.53102416, 0.38009086, 0.030628562, 0.5036936, 0.2529375, -0.06849842, 0.47557956, 0.40331966, -0.11876491, 0.4843552, 0.48018909, -0.13571918, 0.6341694, 0.42334867, 0.010557967, 0.6047557, 0.3091742, -0.08925514, 0.54798317, 0.4906155, -0.105473876, 0.56932706, 0.5287129, -0.08929039, 0.7354265, 0.48189956, -0.026826577, 0.7141415, 0.38146263, -0.12139255, 0.64054716, 0.5453508, -0.08195286, 0.65876764, 0.57878256, -0.026952226, 0.83498764, 0.55118364, -0.06775693, 0.8266623, 0.459659, -0.10527049, 0.7485474, 0.55838823, -0.059303895, 0.7491628, 0.59551173, -0.010491421,DAD
0.5193585, 0.81194276, -8.5762855e-07, 0.4356839, 0.744617, -0.06128889, 0.3809455, 0.57194954, -0.09430887, 0.36955613, 0.428087, -0.13117011, 0.42501462, 0.3417519, -0.15287228, 0.457701, 0.40323174, -0.014655519, 0.46799445, 0.24613124, -0.115790285, 0.4652608, 0.21466717, -0.14985465, 0.45556924, 0.2611437, -0.15410037, 0.56145513, 0.41309276, -0.02273482, 0.52219754, 0.35762042, -0.13507098, 0.48187307, 0.5098038, -0.12680744, 0.4923532, 0.55737936, -0.08469853, 0.6509554, 0.46473873, -0.051716503, 0.5820478, 0.49771383, -0.15277953, 0.53475255, 0.62286454, -0.101475894, 0.55289114, 0.6297816, -0.03912931, 0.7253916, 0.54169506, -0.09028318, 0.6393507, 0.6075214, -0.15090312, 0.59567916, 0.69071096, -0.12573758, 0.61336875, 0.68279296, -0.08923722,F
0.45721918, 0.804511, -9.207789e-07, 0.3777783, 0.7426676, -0.052488983, 0.31608063, 0.57100725, -0.083772935, 0.3018326, 0.43245935, -0.121359415, 0.35553908, 0.34429723, -0.14828412, 0.4077804, 0.40188143, -0.01564821, 0.42716914, 0.24950027, -0.11359191, 0.39789, 0.21479969, -0.14742023, 0.37246323, 0.25449586, -0.15068291, 0.5113181, 0.41158584, -0.03032754, 0.44999787, 0.3576936, -0.13685833, 0.4072851, 0.51580805, -0.1254973, 0.42546904, 0.575491, -0.07990269, 0.6010119, 0.4644652, -0.06434904, 0.50962466, 0.5004366, -0.16191715, 0.46064335, 0.6298833, -0.11261847, 0.48192775, 0.64744455, -0.049892604, 0.6720408, 0.54108125, -0.106776424, 0.57629484, 0.6104237, -0.15971743, 0.53140146, 0.69742405, -0.12909277, 0.5526115, 0.6986009, -0.08873162,F
0.5878149, 0.8112706, -7.047926e-07, 0.5133449, 0.74537957, -0.077834725, 0.4707024, 0.5789579, -0.12188727, 0.4640963, 0.43161058, -0.1683945, 0.5206596, 0.35041416, -0.19818182, 0.528543, 0.40686533, -0.023622496, 0.55041426, 0.25427496, -0.13415049, 0.56489474, 0.23494337, -0.16854358, 0.5784911, 0.29241967, -0.16925502, 0.623683, 0.4308569, -0.02362929, 0.6273434, 0.36551958, -0.14183134, 0.582485, 0.5160333, -0.12718898, 0.58422685, 0.5373379, -0.079232454, 0.7075693, 0.48404604, -0.047842998, 0.6964493, 0.49123323, -0.15902966, 0.6343687, 0.6143861, -0.10433762, 0.6326305, 0.60153604, -0.037398763, 0.78031015, 0.55208516, -0.08241357, 0.7475317, 0.59538805, -0.14757212, 0.6951991, 0.67538, -0.1217908, 0.6929246, 0.6569492, -0.08449887,F
0.5751253, 0.74408305, -7.6620654e-07, 0.50352246, 0.68524164, -0.09004382, 0.46282828, 0.54404354, -0.14220697, 0.4629596, 0.41027772, -0.19217145, 0.51322913, 0.32488915, -0.22393037, 0.51418877, 0.36560446, -0.05026898, 0.5348379, 0.21372586, -0.1627894, 0.5463077, 0.21082397, -0.19829953, 0.55206877, 0.2798862, -0.19836216, 0.6035272, 0.3891765, -0.040038474, 0.6153474, 0.33525142, -0.15508865, 0.5732267, 0.4743315, -0.14114901, 0.565364, 0.48765227, -0.096246034, 0.68425864, 0.43488228, -0.053389307, 0.6791147, 0.45567238, -0.16237548, 0.62108797, 0.565343, -0.11542124, 0.6088561, 0.5478284, -0.05523008, 0.7532984, 0.49369353, -0.077463895, 0.7307525, 0.5437151, -0.14533162, 0.6757678, 0.6167565, -0.12641874, 0.65748173, 0.59826946, -0.09351042,F
0.4401778, 0.82201004, -7.204583e-07, 0.36031565, 0.75057197, -0.07295509, 0.30564123, 0.5909448, -0.1165456, 0.28574288, 0.45056108, -0.16221516, 0.345468, 0.36704355, -0.19273722, 0.36589313, 0.41262725, -0.02458692, 0.38339555, 0.26530576, -0.12888846, 0.3846923, 0.23345582, -0.16496435, 0.38459662, 0.28510082, -0.16890134, 0.46857786, 0.42202276, -0.026719056, 0.44670758, 0.36400568, -0.13948864, 0.41190174, 0.5097604, -0.13219574, 0.41669837, 0.5521034, -0.09030415, 0.55901486, 0.46961728, -0.05070444, 0.51045007, 0.5037748, -0.15188716, 0.46518716, 0.62018317, -0.10650641, 0.47121748, 0.61796266, -0.04860946, 0.63177395, 0.53862774, -0.0848504, 0.56512684, 0.61061096, -0.14321664, 0.52745265, 0.6893481, -0.12174478, 0.5374079, 0.67299926, -0.08923938,F
0.8093215, 0.70849067, 5.65922e-07, 0.77336824, 0.51514643, 0.014923259, 0.65298706, 0.37029186, 0.017509682, 0.5420286, 0.2597251, 0.01742675, 0.5111835, 0.14821324, 0.014770296, 0.5177158, 0.39544663, -0.021638626, 0.3109201, 0.39286467, -0.016733197, 0.20305985, 0.41007292, -0.011493027, 0.12088099, 0.4196552, -0.0073891906, 0.47815004, 0.51243377, -0.030629324, 0.2802732, 0.5042364, -0.011666666, 0.16755614, 0.4970619, -0.0046070335, 0.09705716, 0.4969825, -0.0047920113, 0.46331534, 0.63614357, -0.03367677, 0.3865044, 0.6375715, -0.010074815, 0.4499376, 0.63982874, 0.0079916455, 0.51199335, 0.64524686, 0.017888958, 0.457865, 0.7517388, -0.036403544, 0.42293233, 0.72508305, -0.0050863028, 0.48413843, 0.73263425, 0.02389344, 0.53516513, 0.7371986, 0.044128742,GH
0.8142514, 0.6898532, 5.592318e-07, 0.77691984, 0.49389783, 0.021612281, 0.65811706, 0.35010535, 0.02622055, 0.5471821, 0.23770323, 0.02783447, 0.5200479, 0.12525001, 0.026649185, 0.52467895, 0.38272768, -0.018366748, 0.31488076, 0.37642846, -0.008903891, 0.20676821, 0.39362422, -0.00086326164, 0.12589815, 0.40486428, 0.004989415, 0.48369628, 0.50124985, -0.027115043, 0.28472564, 0.49172106, 0.0021831947, 0.1763869, 0.4841661, 0.014403051, 0.10953772, 0.4848469, 0.015963083, 0.46851262, 0.6247405, -0.028981863, 0.3948465, 0.623345, 0.008709376, 0.45551708, 0.62347984, 0.028488467, 0.5135249, 0.6288045, 0.035840627, 0.46265694, 0.73966825, -0.03026375, 0.43119147, 0.7125268, 0.013098117, 0.48751718, 0.7177383, 0.043600164, 0.5345693, 0.72201246, 0.062396586,GH
0.8602136, 0.6724378, 5.2701483e-07, 0.82319725, 0.4898895, 0.006511587, 0.7062378, 0.34164938, -0.0071016885, 0.6112981, 0.21515027, -0.020867491, 0.5948145, 0.09875235, -0.039232906, 0.60679954, 0.35879633, -0.070942745, 0.3834293, 0.3542527, -0.08014183, 0.27356452, 0.3683942, -0.0798989, 0.185108, 0.37657407, -0.07876564, 0.57554686, 0.47439688, -0.083989844, 0.35779613, 0.4557102, -0.08081642, 0.2371225, 0.45070425, -0.07498024, 0.15716177, 0.45300156, -0.07706164, 0.55720246, 0.59770113, -0.08925266, 0.43837345, 0.58916295, -0.07828788, 0.4963654, 0.59016156, -0.053039245, 0.56036526, 0.5963239, -0.038239475, 0.54346853, 0.7086215, -0.09417876, 0.45836833, 0.66931236, -0.07136696, 0.5101523, 0.67444146, -0.03532025, 0.56138027, 0.68214834, -0.010726543,GH
0.8527175, 0.7416756, 6.919141e-07, 0.8117968, 0.5375094, 0.028655177, 0.68511784, 0.38860527, 0.04098089, 0.5643329, 0.27723134, 0.04845595, 0.52351594, 0.16273981, 0.053515647, 0.53407675, 0.4175714, 0.011298698, 0.32600063, 0.41573367, 0.043255325, 0.22813097, 0.43479323, 0.06943693, 0.15669683, 0.44660246, 0.08814972, 0.5000897, 0.53436327, -0.00030346055, 0.30657065, 0.5221994, 0.049492992, 0.20323381, 0.521135, 0.07492815, 0.14627546, 0.52920383, 0.08706673, 0.4887073, 0.66118103, -0.0063605807, 0.4184014, 0.6586011, 0.044431716, 0.4831451, 0.6632192, 0.06286824, 0.54730743, 0.6695971, 0.06867532, 0.48553002, 0.7831061, -0.011654996, 0.4567814, 0.7530558, 0.041632626, 0.5179792, 0.7559211, 0.0708451, 0.56908435, 0.75834256, 0.08777374,GH
0.8559934, 0.744315, 6.798599e-07, 0.8016314, 0.5162355, 0.04895915, 0.6602119, 0.3750391, 0.069018885, 0.5426209, 0.27857363, 0.081481546, 0.5061431, 0.1602203, 0.08822835, 0.49983728, 0.42904565, 0.06270743, 0.31927153, 0.4289813, 0.13530916, 0.23277417, 0.45189187, 0.18744068, 0.1670618, 0.46112922, 0.22037634, 0.46731347, 0.5557624, 0.053833988, 0.29823208, 0.5487951, 0.15296724, 0.22202218, 0.54237103, 0.19728564, 0.17502522, 0.5411437, 0.21547727, 0.47040763, 0.68375, 0.05215388, 0.41982874, 0.66143954, 0.14458404, 0.49352598, 0.6681284, 0.15354854, 0.55065453, 0.67665166, 0.14144987, 0.47249246, 0.79386234, 0.05431911, 0.45661855, 0.7605937, 0.13668531, 0.5201249, 0.7656166, 0.16044119, 0.5649068, 0.7713097, 0.16566741,GH
0.7259478, 0.7871497, -2.4456983e-06, 0.6765418, 0.61623955, 0.13844581, 0.6664008, 0.47027245, 0.16329448, 0.6333751, 0.3606525, 0.1483064, 0.59870255, 0.27100524, 0.1205586, 0.8205303, 0.36208683, 0.05481083, 0.60148215, 0.21661586, 0.025957463, 0.4596302, 0.24262626, 0.021039935, 0.37840652, 0.29612094, 0.022651922, 0.8355172, 0.37587225, -0.054033883, 0.57631886, 0.18964812, -0.08211032, 0.4209976, 0.21863437, -0.07678799, 0.32998258, 0.28181037, -0.0724309, 0.8071952, 0.4094131, -0.15405731, 0.5592251, 0.21141812, -0.18451881, 0.39704573, 0.24506514, -0.16139543, 0.31178644, 0.30336156, -0.14523573, 0.7387121, 0.45740065, -0.24346773, 0.5589179, 0.2900031, -0.29128957, 0.42612845, 0.28107375, -0.2873255, 0.34776926, 0.3110589, -0.27673623,H
0.6870772, 0.75136614, -2.7549906e-06, 0.64324576, 0.5657768, 0.22257537, 0.6360613, 0.40881035, 0.28952086, 0.5966356, 0.3110358, 0.29843432, 0.550914, 0.22773007, 0.2892661, 0.78118324, 0.28554145, 0.17571081, 0.5687405, 0.13810766, 0.16565414, 0.4263121, 0.16247663, 0.16019101, 0.3500275, 0.2152842, 0.16018352, 0.79144806, 0.3026105, 0.028541652, 0.539776, 0.10719298, 0.023584303, 0.3845491, 0.13971135, 0.030364653, 0.2959966, 0.2032286, 0.035501953, 0.76089656, 0.33611533, -0.10738832, 0.52379805, 0.12731315, -0.122276254, 0.36048627, 0.16719884, -0.094295494, 0.2786263, 0.22374828, -0.07344181, 0.689259, 0.37817547, -0.22691543, 0.5141747, 0.20142408, -0.25776562, 0.3841899, 0.19702886, -0.24221064, 0.3081839, 0.22942594, -0.22343892,H
0.7247037, 0.8743388, -2.50639e-06, 0.6370082, 0.6731623, 0.15485516, 0.64564896, 0.511261, 0.18892679, 0.6359569, 0.40461442, 0.17799388, 0.63226503, 0.31207448, 0.15419422, 0.8406128, 0.4069878, 0.10114552, 0.6442438, 0.25790888, 0.0731079, 0.5058557, 0.2723717, 0.053184967, 0.42557186, 0.31418753, 0.04179059, 0.86013955, 0.430562, -0.014641454, 0.62581664, 0.2423428, -0.04405509, 0.47543183, 0.26128998, -0.054854892, 0.38864234, 0.32010102, -0.06298077, 0.8345051, 0.47231698, -0.12277794, 0.6052329, 0.27748784, -0.15429498, 0.44582692, 0.29933286, -0.14380439, 0.36059165, 0.34886438, -0.13692534, 0.7666352, 0.520095, -0.21972086, 0.60060775, 0.36143067, -0.25888878, 0.47630432, 0.34522283, -0.25803283, 0.3979671, 0.36503643, -0.25299835,H
0.6215599, 0.85501766, -2.5736538e-06, 0.6049751, 0.66566515, 0.22356679, 0.6349036, 0.52543116, 0.28977486, 0.62709063, 0.43180007, 0.29630387, 0.6128382, 0.34580433, 0.28548568, 0.79580414, 0.43252692, 0.18913642, 0.6269753, 0.27705753, 0.18463753, 0.50454974, 0.28679478, 0.17968926, 0.4360037, 0.33413506, 0.17928433, 0.79646045, 0.45049307, 0.04343698, 0.6051885, 0.24859536, 0.039968103, 0.4683514, 0.27337173, 0.045290552, 0.3888925, 0.33458245, 0.05082925, 0.763045, 0.4745466, -0.09142004, 0.5804417, 0.2626766, -0.103574075, 0.4356913, 0.29340097, -0.07428212, 0.3650913, 0.35204667, -0.051324405, 0.69443923, 0.49795997, -0.21070783, 0.5574292, 0.32304734, -0.2332617, 0.44718373, 0.3134195, -0.21380088, 0.3852787, 0.345138, -0.19250935,H
0.5573208, 0.85176843, -7.382923e-07, 0.4726404, 0.714391, 0.0802955, 0.46250623, 0.58619666, 0.10425468, 0.44622868, 0.50777656, 0.098862186, 0.4646796, 0.4452513, 0.09264936, 0.62536514, 0.49090585, 0.1298272, 0.6601243, 0.37086168, 0.1114551, 0.6151436, 0.29925516, 0.087927364, 0.55793005, 0.2715466, 0.074321695, 0.66257423, 0.50290793, 0.05879492, 0.70769477, 0.3489325, 0.035813387, 0.64443904, 0.26896763, 0.015890744, 0.5747865, 0.249081, 0.007736649, 0.6761576, 0.525178, -0.017602153, 0.7150532, 0.36943996, -0.03592037, 0.6459725, 0.2817781, -0.045655943, 0.5751706, 0.2510535, -0.04946909, 0.6634304, 0.55027074, -0.09114656, 0.6758863, 0.41903618, -0.10768279, 0.6323873, 0.33288264, -0.11632253, 0.58493143, 0.28290445, -0.12115478,J
0.5086951, 0.8726464, -6.371257e-07, 0.4200375, 0.7423721, 0.0746969, 0.40203363, 0.60712504, 0.097183816, 0.3806756, 0.52920365, 0.09243139, 0.39854378, 0.46853018, 0.08779153, 0.578432, 0.51517427, 0.11749717, 0.6052462, 0.38359213, 0.09820399, 0.55494523, 0.30827686, 0.077567674, 0.49507093, 0.27810785, 0.06640782, 0.61449206, 0.52758324, 0.049387053, 0.6488946, 0.3563465, 0.022059808, 0.57773596, 0.27767986, 0.0034942664, 0.5053801, 0.2621064, -0.0010742984, 0.6250118, 0.54998034, -0.023755662, 0.65493435, 0.37852836, -0.046432983, 0.58182794, 0.2943847, -0.0561743, 0.5104625, 0.26634958, -0.057380468, 0.60441744, 0.5749508, -0.09385289, 0.6077408, 0.43419096, -0.11544286, 0.56144595, 0.3485363, -0.1264591, 0.51342404, 0.29828292, -0.1307611,J
0.52985215, 0.87239325, -6.0003146e-07, 0.4433396, 0.7540511, 0.02269458, 0.42399722, 0.6220938, 0.019344646, 0.405096, 0.54331553, 0.0002470122, 0.42807722, 0.48820123, -0.016798513, 0.57817465, 0.51990074, 0.0476096, 0.613324, 0.38973796, -0.002212443, 0.56081706, 0.31632996, -0.044882324, 0.49838617, 0.29103512, -0.06858167, 0.61395967, 0.53332376, 0.0035921885, 0.66407895, 0.36976963, -0.050970078, 0.5921977, 0.2973321, -0.0860408, 0.51847327, 0.28681317, -0.10027688, 0.6308519, 0.5603309, -0.04758789, 0.672498, 0.404052, -0.087742254, 0.6003154, 0.32098407, -0.1112994, 0.52975494, 0.29447395, -0.120436646, 0.6241996, 0.5967773, -0.09928289, 0.63665426, 0.46981844, -0.12940364, 0.5954293, 0.38363808, -0.14889346, 0.5505893, 0.3316637, -0.15934956,J
0.5534912, 0.8516733, -9.093593e-07, 0.4659168, 0.7201702, 0.06072756, 0.45222533, 0.5828903, 0.07560502, 0.43863836, 0.4972678, 0.061496753, 0.46015525, 0.43613803, 0.04653938, 0.6066398, 0.48628494, 0.118057676, 0.61322147, 0.3660187, 0.087565646, 0.54886603, 0.30451888, 0.054415885, 0.4871897, 0.2850501, 0.034402993, 0.6483167, 0.4947508, 0.05250651, 0.6684697, 0.33476952, 0.01827623, 0.5839379, 0.2748059, -0.010882654, 0.51262736, 0.27028877, -0.023708297, 0.66866404, 0.5192723, -0.020361261, 0.6797416, 0.35728317, -0.052182462, 0.5819605, 0.2963979, -0.068791755, 0.50294435, 0.29148245, -0.07402647, 0.6619096, 0.5521509, -0.09161459, 0.6500132, 0.4147895, -0.11537081, 0.5757208, 0.35105804, -0.12357211, 0.5082454, 0.3312211, -0.12655474,J
0.4727248, 0.8517717, -1.0057676e-06, 0.39834657, 0.7159339, 0.088605024, 0.39423355, 0.57277256, 0.1158049, 0.38090107, 0.49179196, 0.10939516, 0.40299386, 0.4299332, 0.10102267, 0.57344586, 0.49921563, 0.13860229, 0.5765357, 0.36539468, 0.112980604, 0.50183135, 0.30020493, 0.082903996, 0.42514342, 0.28131878, 0.06500709, 0.6113226, 0.51347446, 0.05828333, 0.6152317, 0.33939654, 0.027224096, 0.5185137, 0.27496025, -0.00091447885, 0.43753275, 0.2688333, -0.013366032, 0.62311924, 0.5382662, -0.027148264, 0.6260827, 0.35978073, -0.054050505, 0.52302086, 0.29526344, -0.06469689, 0.44131446, 0.28510624, -0.0666371, 0.60411966, 0.56676227, -0.10903308, 0.586678, 0.41674086, -0.13105583, 0.51278144, 0.34388912, -0.13671008, 0.44867116, 0.3137843, -0.13770543,J
0.71282583, 0.86975634, -3.0849694e-07, 0.569175, 0.8103107, -0.048602942, 0.42655247, 0.6627174, -0.06039537, 0.30912745, 0.57457846, -0.07630803, 0.20589036, 0.5625289, -0.092447795, 0.5118879, 0.48982042, 0.014644215, 0.4676028, 0.3495776, -0.02456818, 0.4361728, 0.2586073, -0.046559904, 0.410098, 0.1767351, -0.06465334, 0.59763956, 0.4814374, 0.0010694349, 0.5683515, 0.33795923, -0.08200781, 0.5850365, 0.46705294, -0.09781259, 0.60421854, 0.53820056, -0.077375904, 0.6961613, 0.49816546, -0.023403829, 0.67993814, 0.40549275, -0.111953504, 0.6846967, 0.5416852, -0.091678396, 0.691746, 0.598093, -0.0460183, 0.8005614, 0.5349159, -0.05206656, 0.7825296, 0.4402666, -0.0967945, 0.7635151, 0.5332034, -0.067062445, 0.75930506, 0.5826444, -0.030770581,L
0.6690919, 0.88754404, -2.2038795e-07, 0.53814083, 0.80176395, -0.05834121, 0.4071784, 0.6379118, -0.07423057, 0.2842988, 0.54352576, -0.09377977, 0.17424092, 0.527506, -0.11208568, 0.50432783, 0.4660324, 0.014735981, 0.47860017, 0.316057, -0.035389286, 0.45858955, 0.21590719, -0.062580235, 0.44677043, 0.1231181, -0.08304296, 0.59410185, 0.46797192, 0.0024544073, 0.5841049, 0.31823504, -0.09212606, 0.5901475, 0.45936808, -0.10765383, 0.60542023, 0.5229456, -0.0838102, 0.6945865, 0.49737045, -0.023737825, 0.6981534, 0.41055626, -0.12316074, 0.68499696, 0.55091363, -0.10220713, 0.68481725, 0.5932628, -0.05340692, 0.79590476, 0.54485875, -0.055357512, 0.7986578, 0.46347806, -0.10495882, 0.7653693, 0.5566177, -0.07638446, 0.75204647, 0.59222144, -0.039958198,L
0.686716, 0.8981061, 8.150229e-09, 0.5677893, 0.83824694, -0.06463041, 0.43662745, 0.67751735, -0.09234103, 0.31331646, 0.58150464, -0.121103644, 0.20510602, 0.55922806, -0.14841415, 0.53767663, 0.50586045, -0.032054137, 0.5111774, 0.3345438, -0.10016876, 0.49214977, 0.22496596, -0.12948206, 0.4811116, 0.12310663, -0.14834185, 0.63312256, 0.51030254, -0.044929404, 0.6252913, 0.3543766, -0.15215921, 0.6218261, 0.51130974, -0.15613477, 0.6338595, 0.56985265, -0.12082519, 0.7375065, 0.5454432, -0.07083658, 0.7392789, 0.47286966, -0.17939241, 0.7177118, 0.6135945, -0.14731984, 0.7190769, 0.6339347, -0.08925439, 0.84005475, 0.59967685, -0.10222809, 0.84465396, 0.53134036, -0.15899158, 0.80983734, 0.62497103, -0.12374908, 0.7964039, 0.64989305, -0.08031688,L
0.4803753, 0.8670193, -7.111222e-07, 0.38896006, 0.7658906, 0.007306955, 0.32818097, 0.59502375, -0.0046643205, 0.27479285, 0.5011096, -0.030735128, 0.1922276, 0.4502285, -0.05998259, 0.5173122, 0.46876395, -0.023684056, 0.49596876, 0.28909057, -0.09915001, 0.47206882, 0.17141694, -0.1397218, 0.4574241, 0.0718106, -0.17017215, 0.60900426, 0.4989568, -0.07619595, 0.43713814, 0.42476803, -0.17925347, 0.3961426, 0.57592636, -0.1748114, 0.45278656, 0.62758964, -0.14821675, 0.67420226, 0.566785, -0.13595182, 0.4896871, 0.5467104, -0.2333513, 0.4426304, 0.67984164, -0.17874295, 0.49924108, 0.70687723, -0.12108027, 0.7213758, 0.6508677, -0.19744405, 0.56241804, 0.6372259, -0.26273137, 0.5116871, 0.72381705, -0.22605826, 0.5540667, 0.74946284, -0.18606675,L
0.5412364, 0.8666812, -6.373642e-07, 0.42709374, 0.7990152, -0.066268116, 0.3593681, 0.6662396, -0.108717576, 0.38104293, 0.5494459, -0.15371545, 0.47810423, 0.49476928, -0.18423675, 0.3527937, 0.50124377, -0.018461606, 0.31787053, 0.38081962, -0.09020667, 0.35343117, 0.4662176, -0.12883534, 0.3869332, 0.53430563, -0.14210722, 0.44907877, 0.484613, -0.014300387, 0.42899865, 0.37100917, -0.09176725, 0.44521937, 0.47546983, -0.114706986, 0.46118003, 0.5441291, -0.10990328, 0.5507079, 0.48764843, -0.024598708, 0.5417566, 0.3474477, -0.09423743, 0.52903533, 0.44212595, -0.08658177, 0.523016, 0.5254738, -0.059106, 0.64538497, 0.50594187, -0.041980438, 0.67243356, 0.38607973, -0.0780047, 0.68768144, 0.31431806, -0.08192512, 0.6968907, 0.241366, -0.07371772,M
0.5546453, 0.85101515, -6.99935e-07, 0.43988916, 0.78145695, -0.0694112, 0.37338096, 0.6485035, -0.11616847, 0.40185085, 0.53250545, -0.16564249, 0.499766, 0.47683203, -0.20065792, 0.36879617, 0.48114708, -0.026768263, 0.33614844, 0.35810986, -0.10497862, 0.36924797, 0.44924867, -0.14706293, 0.40138403, 0.52139825, -0.16129884, 0.46771815, 0.46647707, -0.022650387, 0.45117906, 0.34839016, -0.10611129, 0.4653237, 0.45680854, -0.1307182, 0.48137915, 0.52777135, -0.12542981, 0.5715368, 0.4700375, -0.033161085, 0.57017535, 0.3258336, -0.10560039, 0.5527807, 0.4212554, -0.09656436, 0.5438908, 0.5067111, -0.06687242, 0.66615814, 0.48927438, -0.051290553, 0.6922998, 0.36653307, -0.08877818, 0.70614374, 0.28899747, -0.092306055, 0.71663547, 0.21092603, -0.0830487,M
0.5437763, 0.91603583, -1.0067873e-06, 0.41907936, 0.86790633, -0.07336031, 0.33975315, 0.7512052, -0.12339113, 0.35259837, 0.64603823, -0.1764963, 0.43868056, 0.58920157, -0.21477467, 0.3258984, 0.5568649, -0.042377137, 0.2795897, 0.4378875, -0.12716314, 0.30992568, 0.5400654, -0.17027564, 0.3420297, 0.60714877, -0.1853994, 0.4246372, 0.53544545, -0.039782032, 0.39648739, 0.43330255, -0.133564, 0.40994936, 0.5574039, -0.16146585, 0.42480823, 0.62241554, -0.15989089, 0.53162354, 0.5322449, -0.051650185, 0.51615196, 0.39189345, -0.1372004, 0.50120234, 0.5070561, -0.13226338, 0.49391603, 0.59298474, -0.104886755, 0.62952155, 0.5439993, -0.07044223, 0.65633, 0.4124719, -0.11715551, 0.66661733, 0.33240074, -0.12524268, 0.66923976, 0.2442461, -0.11949646,M
0.43152037, 0.8782663, -1.0564289e-06, 0.30596605, 0.81902075, -0.067388676, 0.21996589, 0.69821054, -0.112941146, 0.2219362, 0.58941483, -0.16343603, 0.29706147, 0.51569015, -0.19930553, 0.21457657, 0.50139654, -0.028951395, 0.16122825, 0.39245403, -0.115589246, 0.1938744, 0.50018895, -0.16294873, 0.23086457, 0.56709373, -0.18062331, 0.31465402, 0.48469555, -0.029281132, 0.27737316, 0.38650215, -0.12974039, 0.28994548, 0.5135905, -0.16431057, 0.309519, 0.5873299, -0.16572821, 0.42405784, 0.48611376, -0.04462649, 0.404256, 0.3491469, -0.13754618, 0.3773588, 0.46524462, -0.13905966, 0.36360657, 0.55688983, -0.11348414, 0.52557516, 0.50132465, -0.066061676, 0.5596022, 0.36916235, -0.117625676, 0.5757058, 0.286023, -0.13068464, 0.58500516, 0.19798645, -0.12759137,M
0.62364155, 0.88518023, -8.4764685e-07, 0.5111638, 0.8275968, -0.07011244, 0.44242117, 0.71246624, -0.1191297, 0.47074366, 0.6103257, -0.17073298, 0.5583432, 0.5522395, -0.2086539, 0.4346822, 0.5252654, -0.03807501, 0.40556127, 0.41692019, -0.118319094, 0.43515092, 0.5117761, -0.16062291, 0.46448037, 0.57976276, -0.17525741, 0.5312813, 0.5091098, -0.035103116, 0.51791996, 0.40812698, -0.12334888, 0.531927, 0.52309006, -0.15071882, 0.54621196, 0.5892839, -0.14880723, 0.6338792, 0.5113225, -0.04582696, 0.6339315, 0.37837645, -0.124547526, 0.61764705, 0.483571, -0.118346736, 0.6089731, 0.56744426, -0.090780474, 0.72855395, 0.5280799, -0.06342102, 0.7575935, 0.40037394, -0.104955986, 0.7720684, 0.31619418, -0.11056059, 0.78248096, 0.22906613, -0.103580914,M
0.47671747, 0.85154784, -6.0393006e-07, 0.40325898, 0.7060394, 0.04924705, 0.36632556, 0.5887995, 0.0015852436, 0.33843306, 0.5108093, -0.071039066, 0.36194855, 0.45589736, -0.14744255, 0.62706345, 0.47952205, -0.059403896, 0.6345758, 0.3047098, -0.15532969, 0.54921037, 0.21067524, -0.19207884, 0.47463563, 0.16297859, -0.20771831, 0.6644985, 0.5436837, -0.14396901, 0.46334505, 0.41169938, -0.23126245, 0.40576664, 0.5218129, -0.19244821, 0.4637292, 0.5686271, -0.14843437, 0.6583345, 0.6230432, -0.2321764, 0.42557836, 0.5275963, -0.3134024, 0.38694668, 0.6281108, -0.23638667, 0.46148372, 0.6577939, -0.1716534, 0.6274161, 0.7099142, -0.31806105, 0.43801776, 0.6312555, -0.3690817, 0.40276298, 0.6976854, -0.31639624, 0.46558398, 0.7380627, -0.26899317,R
0.47837734, 0.7931126, -5.823977e-07, 0.3946856, 0.6569371, -0.012589087, 0.37850013, 0.5444934, -0.08186669, 0.36050215, 0.46191648, -0.16257831, 0.37390712, 0.39913917, -0.24257514, 0.64459556, 0.43460646, -0.101812474, 0.64557284, 0.25697714, -0.21262616, 0.566159, 0.15687576, -0.26194283, 0.49504885, 0.10319844, -0.28529534, 0.6784387, 0.4961, -0.14736362, 0.46694127, 0.34893322, -0.2386401, 0.40307185, 0.4552825, -0.21014631, 0.45831636, 0.50237393, -0.1761734, 0.6614908, 0.57095647, -0.20103958, 0.4203174, 0.4665259, -0.26771602, 0.37931004, 0.55834097, -0.1919225, 0.44852087, 0.5940055, -0.13457969, 0.61245704, 0.65143466, -0.2600666, 0.41367614, 0.56341624, -0.30767614, 0.38341615, 0.61973464, -0.26554772, 0.44417554, 0.6591392, -0.2260952,R
0.48119202, 0.91202575, -6.1414914e-07, 0.4133612, 0.7791439, 0.024293562, 0.37634048, 0.6477507, -0.02844401, 0.36100024, 0.551529, -0.10451726, 0.40673655, 0.48390067, -0.1824815, 0.64067763, 0.5174861, -0.049132347, 0.66817904, 0.33762076, -0.14698789, 0.58833545, 0.23329479, -0.18580502, 0.5154831, 0.18123493, -0.20432274, 0.69549406, 0.57699007, -0.124995425, 0.50085515, 0.44182694, -0.22307219, 0.43283057, 0.55979806, -0.18881974, 0.4841811, 0.61304903, -0.1421875, 0.70835626, 0.6613701, -0.20846502, 0.470331, 0.57701933, -0.3044732, 0.41908514, 0.6846844, -0.22537628, 0.48869812, 0.7190504, -0.15157148, 0.6901184, 0.76189435, -0.2924867, 0.5020564, 0.67706794, -0.3571447, 0.4542204, 0.74738204, -0.30444857, 0.51219213, 0.7954466, -0.2512379,R
0.44627476, 0.81149226, -7.595239e-07, 0.3749418, 0.66901195, 0.053280983, 0.34047005, 0.5537617, 0.0076044514, 0.316763, 0.46995348, -0.062893495, 0.3408024, 0.4080254, -0.13585985, 0.5947236, 0.47359532, -0.044233628, 0.5648065, 0.28843564, -0.13735273, 0.47798842, 0.1983076, -0.17538318, 0.40554312, 0.146554, -0.1908786, 0.62219846, 0.52333784, -0.12228507, 0.43009183, 0.37434456, -0.19996193, 0.36669356, 0.47505218, -0.16254123, 0.41738278, 0.5248369, -0.121602535, 0.6065151, 0.58364457, -0.20365538, 0.38756448, 0.47475022, -0.26473773, 0.34088075, 0.57152677, -0.18575399, 0.40833208, 0.6101598, -0.1243299, 0.56911534, 0.65203536, -0.28333184, 0.3859561, 0.56653935, -0.31271064, 0.34671706, 0.6355362, -0.25609165, 0.4030567, 0.68189156, -0.20930815,R
0.44989204, 0.8022785, -7.458136e-07, 0.37113598, 0.65548825, 0.054764807, 0.3411389, 0.54365134, 0.007697978, 0.3143916, 0.46481663, -0.064878285, 0.32521433, 0.39916044, -0.13967793, 0.59039253, 0.45777136, -0.044753544, 0.56556296, 0.274675, -0.13252367, 0.47550708, 0.19081637, -0.16492239, 0.39905939, 0.14472428, -0.17768425, 0.61846566, 0.5073224, -0.12621976, 0.42294738, 0.36009765, -0.2013799, 0.3630096, 0.4630088, -0.16327827, 0.41501498, 0.50953996, -0.12305104, 0.6028297, 0.5677009, -0.2103633, 0.37910748, 0.46673226, -0.26331308, 0.33769256, 0.5620501, -0.17998524, 0.40574884, 0.5962943, -0.11895303, 0.56295794, 0.6357649, -0.29400778, 0.37419444, 0.5597764, -0.3194401, 0.34060583, 0.62496567, -0.26265708, 0.3993771, 0.666558, -0.21707328,R
0.5737622, 0.9411192, 4.7583765e-07, 0.42949003, 0.8172987, -0.02221076, 0.40162212, 0.64163196, -0.011525462, 0.42560756, 0.50448483, -0.005180508, 0.41681105, 0.3954459, 0.0036429933, 0.53302157, 0.49096215, 0.06473231, 0.55511814, 0.3249874, 0.05496865, 0.57538605, 0.22876507, 0.02620661, 0.596789, 0.14234844, 0.0008301882, 0.6245441, 0.49182227, 0.049134865, 0.6425755, 0.3142677, 0.046327207, 0.6610952, 0.20160016, 0.015569374, 0.6751862, 0.10953751, -0.011257875, 0.6973815, 0.5236251, 0.02211742, 0.7184456, 0.36131623, 0.014267616, 0.7298199, 0.25961995, -0.0048578246, 0.7393535, 0.17606306, -0.023867078, 0.77592266, 0.58110857, -0.011504259, 0.7923937, 0.44728225, -0.019013403, 0.79494005, 0.36588967, -0.021439722, 0.79552776, 0.29003587, -0.026628178,S
0.51939416, 0.95079887, 4.2313852e-07, 0.36565426, 0.81105816, 2.9399156e-05, 0.34512445, 0.6405218, 0.022849714, 0.37138897, 0.50641334, 0.034798164, 0.36162192, 0.39402425, 0.04693761, 0.4772244, 0.5037805, 0.108646214, 0.49733263, 0.33257392, 0.11080783, 0.51390487, 0.23196444, 0.08325831, 0.53094655, 0.13915554, 0.055638984, 0.571486, 0.50615, 0.079291366, 0.58751637, 0.3254308, 0.08608682, 0.6026765, 0.20917726, 0.04701511, 0.61227655, 0.112609655, 0.010526446, 0.6441464, 0.5348271, 0.038627207, 0.6650198, 0.37046015, 0.037262235, 0.6736103, 0.26508707, 0.008824406, 0.6816045, 0.17770374, -0.020369913, 0.7234723, 0.58743143, -0.007277016, 0.7384375, 0.4501449, -0.010683094, 0.74085945, 0.367413, -0.01692042, 0.7413264, 0.288084, -0.02848848,S
0.45114344, 0.9394684, 5.7131507e-07, 0.29917288, 0.80656934, -0.005757896, 0.29002517, 0.6265666, 0.016110612, 0.32399014, 0.48853433, 0.030733954, 0.3215258, 0.37695372, 0.046904746, 0.43041182, 0.48500475, 0.08989043, 0.4596048, 0.30800605, 0.08710622, 0.47591805, 0.1996525, 0.060274776, 0.4913909, 0.10237253, 0.035164885, 0.52744687, 0.48782372, 0.066883355, 0.55025876, 0.30149308, 0.07096473, 0.5643289, 0.17533144, 0.036703642, 0.57033515, 0.06890878, 0.005899403, 0.6026393, 0.52144504, 0.033492617, 0.63082707, 0.34500653, 0.028002175, 0.6413834, 0.23345378, 0.004562132, 0.6493706, 0.13978189, -0.018414954, 0.6832213, 0.5791735, -0.00490183, 0.70752215, 0.4371005, -0.012840418, 0.71416795, 0.35197273, -0.016994763, 0.71540296, 0.26943168, -0.024062812,S
0.6103017, 0.90402126, 4.868375e-07, 0.4542467, 0.76433325, -0.010696989, 0.42779982, 0.5878614, 0.014473084, 0.4483885, 0.45698762, 0.032853685, 0.44569123, 0.34975085, 0.053651024, 0.5502917, 0.45961267, 0.10916404, 0.5717649, 0.29258215, 0.12139025, 0.59079754, 0.19651127, 0.10223913, 0.61011815, 0.108178675, 0.08111766, 0.6416888, 0.46160892, 0.094838604, 0.66134775, 0.28604543, 0.116779156, 0.6792768, 0.17665511, 0.092126206, 0.6922353, 0.086869895, 0.06593096, 0.7126707, 0.48998806, 0.06810866, 0.73112833, 0.33271927, 0.08360123, 0.73982173, 0.23175868, 0.066489145, 0.7501581, 0.14984512, 0.044368666, 0.7922023, 0.5419492, 0.034415927, 0.80742764, 0.41096258, 0.04572496, 0.8085264, 0.33228448, 0.047282673, 0.80958307, 0.2592502, 0.04118247,S
0.53207463, 0.95283765, 4.4957014e-07, 0.37928107, 0.8096523, 0.00011665429, 0.3613437, 0.63592845, 0.026373722, 0.38721806, 0.50122243, 0.042311806, 0.38011667, 0.39086905, 0.059694923, 0.49249244, 0.4967479, 0.1218717, 0.51606727, 0.33016604, 0.13265644, 0.53435504, 0.23268476, 0.10989698, 0.552277, 0.14131618, 0.08510111, 0.5861735, 0.49932992, 0.09637766, 0.6045796, 0.32503626, 0.11430421, 0.61885303, 0.21362439, 0.08294131, 0.6266538, 0.11873469, 0.05126482, 0.657989, 0.53011066, 0.05905891, 0.6805421, 0.3685163, 0.06780824, 0.6873224, 0.2680777, 0.049665418, 0.69332355, 0.1836856, 0.02646599, 0.73801994, 0.5853676, 0.015673716, 0.7528, 0.45089015, 0.02031599, 0.7564056, 0.3724075, 0.02206434, 0.7580903, 0.2963398, 0.016080141,S
0.520377, 0.782946, -4.3071734e-07, 0.39135945, 0.6875181, -0.04452256, 0.35604778, 0.47512367, -0.060286574, 0.44880396, 0.33580732, -0.088818535, 0.5701999, 0.32474658, -0.10668069, 0.45826253, 0.30754706, 0.019619586, 0.4702345, 0.1047993, -0.09258107, 0.45489913, 0.116824806, -0.15480722, 0.4499579, 0.21805643, -0.17616178, 0.5771184, 0.32785067, -0.012067251, 0.63169056, 0.09322825, -0.14457555, 0.56540376, 0.15786047, -0.18930998, 0.55139256, 0.25566557, -0.17466453, 0.67314196, 0.39713323, -0.06178258, 0.7010323, 0.27237839, -0.17336175, 0.60995287, 0.41451135, -0.14244366, 0.601335, 0.48840925, -0.07967653, 0.770456, 0.493091, -0.119822696, 0.758123, 0.42134917, -0.17970408, 0.68655473, 0.5096469, -0.14747272, 0.68051004, 0.5455097, -0.10004072,SAD
0.49947524, 0.75974643, -2.674723e-07, 0.36491916, 0.6647794, -0.046881188, 0.33242235, 0.4570698, -0.059915725, 0.43184078, 0.30929726, -0.08420108, 0.5588489, 0.2920844, -0.09671301, 0.39991677, 0.289878, 0.027507575, 0.4093936, 0.09049578, -0.077994876, 0.42693222, 0.09205845, -0.13723484, 0.43554837, 0.19208951, -0.15681538, 0.5199899, 0.3087011, 0.002067917, 0.57689345, 0.079247385, -0.12632419, 0.5410986, 0.13494822, -0.17274803, 0.5220055, 0.23249212, -0.16122012, 0.6167472, 0.37365034, -0.041198373, 0.6687499, 0.24535713, -0.15567857, 0.59218735, 0.38354284, -0.12714842, 0.5637037, 0.4666717, -0.06502765, 0.71706873, 0.46509385, -0.09225422, 0.7282153, 0.38458374, -0.1618305, 0.6657131, 0.47136652, -0.13540892, 0.6423219, 0.514434, -0.08999852,SAD
0.43857688, 0.7012196, -5.008021e-07, 0.31074125, 0.59094036, -0.014320484, 0.28392106, 0.38177878, -0.021171015, 0.37578207, 0.25153962, -0.047628228, 0.4787423, 0.24565512, -0.06844996, 0.3929489, 0.24306087, 0.031640638, 0.39836094, 0.053123415, -0.067942776, 0.3728138, 0.060301468, -0.12555908, 0.3607089, 0.1544575, -0.14605244, 0.49615544, 0.26263732, -0.0105011985, 0.54782945, 0.041766286, -0.1290741, 0.47273406, 0.08351211, -0.17384157, 0.44540069, 0.17508277, -0.16671291, 0.58339036, 0.3226778, -0.06618054, 0.5838071, 0.18387184, -0.15984605, 0.50106525, 0.32269529, -0.13005252, 0.49082717, 0.41131657, -0.075029045, 0.6738571, 0.40405762, -0.12764217, 0.6338515, 0.32160282, -0.17278977, 0.570951, 0.4121309, -0.13797048, 0.5707237, 0.4603204, -0.09374061,SAD
0.47333854, 0.83327436, -5.0458016e-07, 0.35535538, 0.69935524, -0.0071570775, 0.35007036, 0.5040428, -0.0041331863, 0.4491505, 0.38765854, -0.021031685, 0.55153036, 0.3757927, -0.03410661, 0.44228178, 0.4126017, 0.06867303, 0.4590764, 0.25443193, -0.0018556697, 0.44544086, 0.23623087, -0.048249185, 0.4359331, 0.30352455, -0.0659336, 0.53428406, 0.4287696, 0.034923166, 0.59233046, 0.24444386, -0.05348274, 0.53239936, 0.25352108, -0.094528854, 0.5018553, 0.32284534, -0.092309535, 0.61379176, 0.47666827, -0.011972857, 0.6339228, 0.33984393, -0.09063241, 0.5521845, 0.44876468, -0.07234754, 0.5344228, 0.5464191, -0.028114693, 0.6981014, 0.5497948, -0.06352857, 0.680137, 0.44594988, -0.107892364, 0.6183149, 0.51632655, -0.08449049, 0.61016905, 0.5816956, -0.048974387,SAD
0.549721, 0.8404395, -4.4832348e-07, 0.43701223, 0.7563375, -0.018680783, 0.40911698, 0.58465636, -0.019282006, 0.49152422, 0.47799385, -0.03259958, 0.58031785, 0.4686336, -0.03973946, 0.48159885, 0.46866554, 0.028939927, 0.4883148, 0.31527454, -0.049769174, 0.4770328, 0.32550177, -0.09383374, 0.47231165, 0.40822098, -0.1062537, 0.5712698, 0.480405, 0.0034953165, 0.60617435, 0.30352545, -0.08918702, 0.56257683, 0.34703094, -0.119816974, 0.5474392, 0.42644164, -0.106891826, 0.64801526, 0.5263467, -0.034582935, 0.6524514, 0.43291664, -0.112780124, 0.59581566, 0.5408173, -0.093546204, 0.5889175, 0.6074985, -0.049277924, 0.7254865, 0.5906199, -0.077408046, 0.70858896, 0.5308748, -0.11686805, 0.6615378, 0.59849983, -0.09368387, 0.6577294, 0.6324354, -0.059539616,SAD
0.42752147, 0.87152505, 1.2686386e-06, 0.35090655, 0.78226227, -0.052277483, 0.33453417, 0.63680375, -0.09189448, 0.39515913, 0.55545384, -0.13777527, 0.49072364, 0.52616125, -0.18193673, 0.4774548, 0.46704093, -0.043351244, 0.47634637, 0.2852623, -0.10849053, 0.47948286, 0.1651048, -0.15018344, 0.49337637, 0.0688079, -0.17694126, 0.5680667, 0.4986881, -0.070984714, 0.6201468, 0.3001677, -0.14705718, 0.6510303, 0.16963008, -0.19836764, 0.6883675, 0.069333196, -0.22104616, 0.63743734, 0.5690369, -0.105997495, 0.5874862, 0.4574678, -0.21966076, 0.49058402, 0.53875864, -0.24075094, 0.4477648, 0.61471915, -0.22132361, 0.6804273, 0.65935916, -0.14342977, 0.5937642, 0.5754371, -0.23591478, 0.5048472, 0.6505152, -0.23571435, 0.47141394, 0.7269851, -0.21225329,T
0.41895944, 0.8590636, 1.3327228e-06, 0.34296453, 0.7780349, -0.05307502, 0.3197892, 0.6299544, -0.092893235, 0.37256828, 0.542491, -0.13890693, 0.46583614, 0.5118431, -0.18321599, 0.46073928, 0.45671183, -0.04468399, 0.46193758, 0.27538645, -0.111161925, 0.46548992, 0.15387818, -0.15208696, 0.47912204, 0.055609703, -0.17729159, 0.5521175, 0.4858517, -0.071907155, 0.59405506, 0.28369817, -0.14930564, 0.6188982, 0.15176997, -0.19822921, 0.65094, 0.046424955, -0.21762215, 0.6254219, 0.5549222, -0.106574304, 0.56376517, 0.4506699, -0.22177887, 0.46522164, 0.5418414, -0.23962738, 0.4227023, 0.6210568, -0.21611482, 0.670221, 0.64451414, -0.14386024, 0.57420236, 0.5696491, -0.23527099, 0.4859732, 0.6487134, -0.23264031, 0.45465288, 0.72439307, -0.20658554,T
0.45205787, 0.85453147, 1.330832e-06, 0.3614704, 0.7915243, -0.06785483, 0.32140675, 0.6526148, -0.11564405, 0.37690902, 0.5599508, -0.1675437, 0.4682573, 0.50066555, -0.21606167, 0.41924798, 0.44272318, -0.059337363, 0.41059366, 0.2552017, -0.13985401, 0.41212088, 0.12764621, -0.18920697, 0.42194647, 0.025578707, -0.21881978, 0.517404, 0.45798025, -0.08354051, 0.5262733, 0.23864365, -0.17714188, 0.5331013, 0.08748442, -0.2364752, 0.549798, -0.03743568, -0.26150918, 0.60436136, 0.51674414, -0.11636838, 0.5462051, 0.40991318, -0.24262972, 0.46998385, 0.5187198, -0.25889453, 0.4398175, 0.60722154, -0.23235546, 0.67428315, 0.60058314, -0.15376638, 0.58507794, 0.53821987, -0.25365084, 0.51135826, 0.6306441, -0.25210056, 0.4877489, 0.70958287, -0.22469242,T
0.52105516, 0.87529355, 1.0118981e-06, 0.41372633, 0.8064158, -0.0841296, 0.39128512, 0.6794359, -0.12443788, 0.47696182, 0.5882109, -0.16124816, 0.5612033, 0.5194849, -0.19307128, 0.4328075, 0.48055273, -0.04767017, 0.40700164, 0.30656087, -0.104057245, 0.39894736, 0.19619104, -0.1422157, 0.3963896, 0.10778105, -0.16720572, 0.52977175, 0.48868838, -0.053850386, 0.5380632, 0.29697236, -0.12007428, 0.54224426, 0.17542616, -0.16699103, 0.5494704, 0.08601144, -0.18940802, 0.613019, 0.53985137, -0.07178976, 0.60395193, 0.42818508, -0.18076809, 0.55228627, 0.5153197, -0.20858791, 0.5274399, 0.59029686, -0.19804731, 0.68528, 0.61456656, -0.09480646, 0.6445998, 0.5526373, -0.19637685, 0.5855525, 0.6442248, -0.20897698, 0.5565805, 0.7243109, -0.19516131,T
0.5128893, 0.87929314, 1.1176629e-06, 0.408039, 0.8083756, -0.08835197, 0.38880122, 0.6831016, -0.12948711, 0.47494048, 0.59976065, -0.16707104, 0.55999255, 0.538218, -0.19969264, 0.4265654, 0.48978204, -0.050490737, 0.40546423, 0.31870943, -0.10940224, 0.39614627, 0.20824775, -0.15043099, 0.39290187, 0.11807552, -0.17728488, 0.5213462, 0.49789765, -0.053766698, 0.52996624, 0.31666213, -0.119934276, 0.53707653, 0.1970315, -0.16707449, 0.5466747, 0.10501918, -0.19046217, 0.6025163, 0.54795897, -0.06960593, 0.5971069, 0.44895527, -0.1743056, 0.55062515, 0.53449947, -0.20266639, 0.5259482, 0.6093966, -0.1940066, 0.66949004, 0.61859876, -0.09182553, 0.6410716, 0.5656538, -0.18777011, 0.5846309, 0.64799666, -0.20175496, 0.55304986, 0.719645, -0.19061159,T
0.5559913, 0.9136356, -3.1748456e-07, 0.45655486, 0.7883053, 0.0023185257, 0.4235938, 0.63255274, -0.02754798, 0.3803935, 0.5317378, -0.07622647, 0.31606826, 0.4380362, -0.12779377, 0.62068105, 0.49637622, 0.0009599751, 0.6351179, 0.32034135, -0.06125513, 0.6363621, 0.20623103, -0.10030148, 0.6434921, 0.111958474, -0.13021459, 0.6848898, 0.52261597, -0.053699885, 0.54635334, 0.37545806, -0.1613841, 0.41016915, 0.38145864, -0.19610669, 0.33460724, 0.39265388, -0.19534846, 0.7141299, 0.58112526, -0.11345149, 0.48775566, 0.5373087, -0.20664306, 0.45702487, 0.6500844, -0.1905247, 0.5032786, 0.71073544, -0.15550728, 0.71304053, 0.65647364, -0.17599978, 0.5083325, 0.6288456, -0.24061444, 0.4944115, 0.70735323, -0.22656572, 0.55237246, 0.7496958, -0.19993953,TA
0.55903596, 0.8928553, -5.3544625e-07, 0.4556122, 0.76504624, -0.011528428, 0.41599327, 0.62976813, -0.043766133, 0.37281328, 0.5350936, -0.08848007, 0.31160843, 0.45568755, -0.1351091, 0.59781283, 0.48672462, -0.03709202, 0.6097603, 0.31473452, -0.1045315, 0.6158861, 0.2055074, -0.1433962, 0.6197653, 0.11737609, -0.17100002, 0.6533831, 0.5215666, -0.0792163, 0.5031504, 0.38418067, -0.18391906, 0.3790156, 0.41135812, -0.20944813, 0.31205165, 0.43967387, -0.20306616, 0.67157376, 0.5860878, -0.12537548, 0.4496544, 0.56525326, -0.20948987, 0.42737865, 0.65547, -0.18927096, 0.47310084, 0.70000386, -0.15558304, 0.66034853, 0.6645738, -0.17566538, 0.47092772, 0.6531443, -0.22623926, 0.45725182, 0.7182972, -0.2062677, 0.5075375, 0.7521515, -0.17789263,TA
0.6025637, 0.87063336, -7.2327214e-07, 0.47884637, 0.7163925, 0.027440269, 0.43965912, 0.5632663, 0.009387012, 0.38880667, 0.4599298, -0.032793045, 0.32990912, 0.362181, -0.07764285, 0.6304529, 0.42004293, 0.036830842, 0.62330586, 0.24924572, -0.0035420011, 0.61610717, 0.14369881, -0.028435493, 0.6182191, 0.058350325, -0.048544068, 0.67365694, 0.44192225, -0.024124812, 0.52740467, 0.30286226, -0.109156236, 0.4009425, 0.3147093, -0.13430105, 0.33449507, 0.33664554, -0.13134968, 0.6864672, 0.48949137, -0.088324375, 0.4752236, 0.44464743, -0.15879399, 0.45406157, 0.5469229, -0.14218163, 0.4984522, 0.6091398, -0.11420842, 0.67073923, 0.5498421, -0.15359731, 0.48542696, 0.5185607, -0.1947711, 0.4769333, 0.59583324, -0.1755937, 0.53281844, 0.6428664, -0.1511178,TA
0.5273086, 0.88635314, 3.224937e-07, 0.42660707, 0.80311656, -0.047023542, 0.40694106, 0.63362765, -0.043025352, 0.5066931, 0.5302916, -0.035678387, 0.6069362, 0.5264157, -0.03066369, 0.4487514, 0.5058101, 0.0061768973, 0.40559128, 0.35289592, -0.00015188176, 0.38355196, 0.2573345, -0.017126655, 0.36802816, 0.17145753, -0.037195347, 0.53721875, 0.49452102, -0.0012091595, 0.5210913, 0.33121982, -0.0024131879, 0.5112543, 0.22521275, -0.025669686, 0.50381553, 0.14220503, -0.047174428, 0.61531997, 0.5180797, -0.018720223, 0.6331834, 0.36979643, -0.051261716, 0.6162892, 0.26790142, -0.1036173, 0.60274535, 0.19167852, -0.14107858, 0.68798685, 0.5655603, -0.04059247, 0.6862214, 0.44816208, -0.08740986, 0.6451358, 0.47808892, -0.10700006, 0.6105433, 0.54173076, -0.1198925,TH
0.6036331, 0.8978498, 3.7625438e-07, 0.5016931, 0.8114822, -0.04982472, 0.4833141, 0.6386082, -0.044672236, 0.586796, 0.53467757, -0.03494435, 0.68666995, 0.53135633, -0.026823336, 0.5194944, 0.50841117, 0.0063292054, 0.47652388, 0.35290217, 0.0010096171, 0.45542935, 0.2560414, -0.015381195, 0.44068432, 0.16858175, -0.034727257, 0.6108555, 0.4959906, 0.00024716088, 0.59577, 0.33074212, 0.0007490159, 0.5881811, 0.22411126, -0.020631853, 0.5829787, 0.13887241, -0.040261857, 0.69197863, 0.5194329, -0.016740058, 0.7079714, 0.37024605, -0.049609117, 0.6928267, 0.26574117, -0.1028903, 0.68157804, 0.18451938, -0.14020644, 0.7690133, 0.56690496, -0.03827721, 0.7691786, 0.44701874, -0.08471058, 0.7284383, 0.47769824, -0.10351332, 0.6935244, 0.54233307, -0.11558864,TH
0.44861245, 0.8932317, 3.9233356e-07, 0.33665675, 0.8085336, -0.051585782, 0.31312203, 0.63739526, -0.05143256, 0.41113174, 0.53132343, -0.047128003, 0.51422733, 0.52353454, -0.045869153, 0.37003362, 0.506864, -0.0051089986, 0.3224651, 0.34641975, -0.018616855, 0.29375485, 0.24373342, -0.040183015, 0.27326548, 0.15100655, -0.06313407, 0.4624835, 0.49509355, -0.014104564, 0.44332692, 0.3224856, -0.024505312, 0.43013683, 0.20699736, -0.0540735, 0.42204532, 0.11301282, -0.07919182, 0.5433658, 0.51826304, -0.03325397, 0.56030905, 0.35440224, -0.07571067, 0.54079497, 0.24520114, -0.13335483, 0.5252669, 0.1609106, -0.17292781, 0.61966527, 0.5669972, -0.056475993, 0.61225086, 0.44031, -0.11027973, 0.5667217, 0.470267, -0.1314654, 0.5263693, 0.5361471, -0.14477527,TH
0.5390116, 0.91963875, 4.6558736e-07, 0.42770278, 0.83241296, -0.071787156, 0.40346593, 0.67133677, -0.08299623, 0.5125956, 0.58002883, -0.0852906, 0.6220963, 0.5583609, -0.09156934, 0.46966872, 0.50837976, -0.04275948, 0.4221419, 0.3311305, -0.08054107, 0.39366096, 0.21792285, -0.11813869, 0.37436864, 0.11515868, -0.1503799, 0.56646615, 0.50217474, -0.054928027, 0.54905564, 0.30812556, -0.08971147, 0.5391969, 0.18135539, -0.13557942, 0.5354079, 0.07555047, -0.16936053, 0.64654577, 0.5311396, -0.0790972, 0.664543, 0.35352072, -0.14886463, 0.65647775, 0.23993838, -0.22189125, 0.65005475, 0.13921276, -0.26838404, 0.72953665, 0.5964448, -0.10776251, 0.7269743, 0.4696748, -0.1816148, 0.6856743, 0.51313347, -0.20716819, 0.6455829, 0.58628774, -0.22172324,TH
0.47897565, 0.875898, 2.9340808e-07, 0.3738334, 0.77890223, -0.04645028, 0.36137798, 0.6062848, -0.044914536, 0.46223912, 0.4979087, -0.04098673, 0.57177293, 0.49674782, -0.03932471, 0.42910454, 0.47142538, 0.008619944, 0.3928033, 0.30281344, -7.5593794e-05, 0.3747303, 0.19821775, -0.018334428, 0.36428398, 0.10487878, -0.039562024, 0.52021563, 0.46809882, -0.0020016243, 0.513077, 0.2914208, -0.012110962, 0.5082146, 0.17704502, -0.040997956, 0.5056474, 0.085045904, -0.06425918, 0.6015019, 0.49738884, -0.02207862, 0.6279874, 0.333335, -0.06313494, 0.6163404, 0.22309697, -0.116316766, 0.6064357, 0.13946915, -0.15182896, 0.677079, 0.55329335, -0.04601764, 0.6754192, 0.42337045, -0.09809606, 0.63107693, 0.4561431, -0.11515093, 0.59336233, 0.5254195, -0.124032296,TH
0.6154026, 0.92155135, -1.2358429e-06, 0.49489796, 0.76768804, 0.023566542, 0.49353027, 0.6132033, 0.016887685, 0.4991244, 0.49693674, -0.0059120413, 0.48681915, 0.3849091, -0.034967247, 0.65410686, 0.4893465, 0.005806105, 0.6030475, 0.33524555, -0.026629185, 0.58703506, 0.2273696, -0.05293653, 0.5744996, 0.1356565, -0.07618713, 0.6847098, 0.51134753, -0.038573265, 0.46512783, 0.4580416, -0.10646558, 0.34260425, 0.50783557, -0.13444039, 0.2732156, 0.54987967, -0.14232987, 0.68067765, 0.56048596, -0.0810336, 0.45463294, 0.5401, -0.13945809, 0.443066, 0.63715017, -0.12740494, 0.47942546, 0.6971526, -0.10903783, 0.64900696, 0.61675614, -0.12313171, 0.46718335, 0.5968722, -0.16819298, 0.4657367, 0.6683402, -0.15724246, 0.51424176, 0.71745783, -0.13790779,THA
0.5968652, 0.8701972, -1.0882064e-06, 0.4850648, 0.72404194, 0.017847305, 0.4819423, 0.5782848, 0.008309578, 0.4867522, 0.46552414, -0.014101241, 0.46973383, 0.35796675, -0.04197899, 0.63899916, 0.45680922, -0.0074847415, 0.5827623, 0.30497837, -0.04086553, 0.5607662, 0.19932735, -0.06572379, 0.54370666, 0.10974309, -0.08714555, 0.6592509, 0.47778288, -0.04548699, 0.4426843, 0.42326695, -0.10797873, 0.3333951, 0.4750888, -0.13130318, 0.27682707, 0.51454705, -0.13847, 0.6472207, 0.52335346, -0.08142107, 0.4309066, 0.50477946, -0.13551351, 0.42237863, 0.5933643, -0.12326174, 0.46033138, 0.64299285, -0.10682201, 0.60928303, 0.57818675, -0.11713812, 0.43326068, 0.5648048, -0.15857442, 0.43207902, 0.6315796, -0.14865224, 0.48007548, 0.67280096, -0.13148157,THA
0.6128083, 0.87903774, -1.2920378e-06, 0.49072182, 0.72185326, 0.0060164044, 0.48688743, 0.5599685, -0.00094379013, 0.49869302, 0.4362996, -0.022743173, 0.50143456, 0.32814598, -0.04854672, 0.6413626, 0.43891644, 0.009654601, 0.603503, 0.28977418, -0.021199329, 0.5940124, 0.1897589, -0.043234996, 0.5861341, 0.10310382, -0.063127875, 0.68100715, 0.45675802, -0.027588751, 0.47996873, 0.40390268, -0.10481506, 0.35507998, 0.4452273, -0.134329, 0.27901503, 0.47536212, -0.13721958, 0.6906925, 0.5060824, -0.065956086, 0.48198134, 0.4980432, -0.13421604, 0.4766705, 0.59716004, -0.12619765, 0.5153165, 0.6542399, -0.10529991, 0.6739103, 0.5642519, -0.10563319, 0.5034309, 0.548117, -0.15504782, 0.5016546, 0.61899364, -0.14580926, 0.54841495, 0.66563016, -0.12537986,THA
0.5727347, 0.8290078, -1.1509555e-06, 0.46693492, 0.6722061, 0.017592516, 0.46976018, 0.5239604, 0.013834164, 0.48041883, 0.41433966, -0.005888627, 0.47756892, 0.32058907, -0.03077893, 0.6145723, 0.42389116, 0.01598605, 0.56748384, 0.28262383, -0.011064289, 0.5524216, 0.18976015, -0.031172566, 0.5408091, 0.10758978, -0.049539246, 0.64017314, 0.44125983, -0.022748841, 0.44396144, 0.3900954, -0.09098325, 0.33218446, 0.4289702, -0.12009592, 0.26231444, 0.4615413, -0.12669575, 0.6372338, 0.48303545, -0.060962655, 0.43462583, 0.46754238, -0.12172765, 0.4251, 0.55945915, -0.115778536, 0.45416057, 0.6166383, -0.09862434, 0.60946894, 0.5306262, -0.09914513, 0.44778693, 0.514999, -0.142368, 0.44643202, 0.5805568, -0.13498877, 0.48719114, 0.62482166, -0.118067585,THA
0.60494465, 0.82574147, -9.814416e-07, 0.49571055, 0.6885314, -0.00169558, 0.49357632, 0.5475316, -0.014886163, 0.5059225, 0.44185433, -0.037164375, 0.49533206, 0.34916416, -0.06410566, 0.63186723, 0.440684, -0.024189325, 0.5837466, 0.30730185, -0.061421126, 0.5721635, 0.21779993, -0.08889651, 0.56313497, 0.13840967, -0.11185887, 0.66121113, 0.46235415, -0.052459177, 0.47369492, 0.42129704, -0.124701574, 0.366318, 0.45858398, -0.15218765, 0.29823112, 0.49342984, -0.15998158, 0.6590024, 0.5116284, -0.08040123, 0.46438134, 0.5029625, -0.14134274, 0.45758045, 0.5864622, -0.13077044, 0.4867437, 0.6386272, -0.11265879, 0.6342215, 0.5692063, -0.110004745, 0.48069137, 0.5598137, -0.15501909, 0.47903472, 0.61855555, -0.14781915, 0.51820666, 0.65533304, -0.1322488,THA
0.43235207, 0.9265063, -1.2705971e-06, 0.28618944, 0.799897, -0.04856791, 0.21131766, 0.58255374, -0.07798128, 0.14744547, 0.43461347, -0.11736292, 0.08492732, 0.3331394, -0.14132205, 0.42225033, 0.4110695, 0.00032727607, 0.43817762, 0.23497373, -0.093856305, 0.3865049, 0.35121268, -0.14320873, 0.35329163, 0.4708996, -0.15352634, 0.5300493, 0.44151735, -0.010637066, 0.53747195, 0.28402287, -0.12818754, 0.46994913, 0.43184936, -0.16727364, 0.44036555, 0.5519862, -0.1593259, 0.64426863, 0.49527106, -0.038314052, 0.6712884, 0.32660198, -0.13725705, 0.5843479, 0.44442755, -0.13911328, 0.5282492, 0.55049086, -0.10524154, 0.75531185, 0.56544715, -0.071016684, 0.88147175, 0.41920823, -0.12051877, 0.95115954, 0.31678587, -0.13473162, 1.0093492, 0.21067503, -0.12937847,Y
0.44987017, 0.87460345, -1.1378859e-06, 0.3176822, 0.74558234, -0.040002815, 0.24468836, 0.5504158, -0.063068114, 0.18520427, 0.409771, -0.09392712, 0.12604758, 0.31477088, -0.11212859, 0.45689058, 0.41087285, 0.012443184, 0.4853386, 0.23899888, -0.06632887, 0.4321128, 0.30494446, -0.11656335, 0.38825816, 0.40858427, -0.13669777, 0.56000066, 0.4330929, -0.0010269807, 0.58223766, 0.26475307, -0.10585644, 0.5107494, 0.37441787, -0.1536038, 0.47049686, 0.48350614, -0.15813917, 0.66158915, 0.47715643, -0.0278474, 0.7046964, 0.30015874, -0.113536306, 0.63117504, 0.3873137, -0.12045308, 0.5797647, 0.48346233, -0.0982953, 0.7590181, 0.542172, -0.058904935, 0.8605258, 0.41434893, -0.113297775, 0.90905344, 0.33486235, -0.13143946, 0.95381504, 0.2567434, -0.13001248,Y
0.45800292, 0.8506669, -1.3165084e-06, 0.327952, 0.710441, -0.023481436, 0.2650023, 0.5219294, -0.036593284, 0.21450928, 0.38977808, -0.062050734, 0.17544928, 0.28881317, -0.07572324, 0.46671572, 0.37987125, 0.040979385, 0.49580175, 0.20828699, -0.03266505, 0.44492263, 0.27152452, -0.08146597, 0.40019754, 0.3751578, -0.09977144, 0.56633914, 0.40422106, 0.021386547, 0.5934659, 0.23131941, -0.07673638, 0.52101624, 0.331649, -0.12605064, 0.4723055, 0.44220993, -0.13193709, 0.668911, 0.44617066, -0.010647545, 0.7103362, 0.26774845, -0.09267153, 0.6364827, 0.35405707, -0.09986389, 0.5812257, 0.45088065, -0.07652427, 0.76617825, 0.50766516, -0.04601242, 0.8624476, 0.37245318, -0.09659311, 0.90980506, 0.285337, -0.111893676, 0.9516989, 0.20298909, -0.10769078,Y
0.5065833, 0.8560214, -1.1697111e-06, 0.3502409, 0.7152004, -0.044444975, 0.26897368, 0.51552415, -0.06938062, 0.20932055, 0.36472088, -0.1043958, 0.15980887, 0.25475448, -0.12582088, 0.49084294, 0.3745818, 0.033370227, 0.5269541, 0.19019409, -0.049732186, 0.4806912, 0.2622888, -0.1056585, 0.43696278, 0.37076405, -0.1249869, 0.59764147, 0.40051606, 0.023352152, 0.6268538, 0.22241655, -0.079227984, 0.5631071, 0.3349232, -0.12945794, 0.52197933, 0.44682366, -0.13376556, 0.7012572, 0.44411165, -0.0023021027, 0.7461347, 0.2650829, -0.08323895, 0.68377733, 0.36322027, -0.08526168, 0.6390237, 0.46515268, -0.05702504, 0.8025166, 0.50865495, -0.033852573, 0.89215916, 0.3682253, -0.071693316, 0.9329126, 0.2831145, -0.07558324, 0.97016656, 0.20071186, -0.06429919,Y
0.5374058, 0.82229686, -8.954643e-07, 0.6400842, 0.7848253, -0.13573685, 0.74232316, 0.6973597, -0.2506417, 0.81923366, 0.5975589, -0.34011245, 0.88575995, 0.5073495, -0.43828133, 0.53815806, 0.69184184, -0.36952922, 0.5328424, 0.5505332, -0.50501674, 0.5464932, 0.48177025, -0.59596187, 0.57121813, 0.4376919, -0.66032, 0.39418578, 0.67328054, -0.36481568, 0.4049198, 0.5101448, -0.51405907, 0.41294384, 0.4208772, -0.5933624, 0.4301392, 0.387924, -0.66471386, 0.29634377, 0.6747595, -0.3514919, 0.30270594, 0.5236992, -0.49061546, 0.31880945, 0.44940922, -0.52497196, 0.33820575, 0.40885746, -0.5531379, 0.24106085, 0.6810154, -0.34291285, 0.22401577, 0.57082915, -0.45308357, 0.2197443, 0.52521384, -0.46987408, 0.23146516, 0.5044606, -0.48715922,Y